2025	20250424014938_M20Bz
2025	20250424113355_orZBq
2025	20250424205212_hkMYq
2025	20250425061734_4DlAc
2025	20250425063625_FffqS
2025	20250425092149_UkyHc
2025	20250425094115_SdkSh
2025	20250425135239_dV5qL
2025	20250425150758_nITBy
2025	20250426152659_6Gcpz
2025	20250426232357_GNe2H
2025	20250427101726_SpGVY
2025	20250427111229_2riz9
2025	20250427143535_kHfIE
2025	20250427163849_iIo6c
2025	20250428020357_dwsno
2025	20250428021707_CJzTI
2025	20250428022950_dNshR
2025	20250428034614_PK2wc
2025	20250428060958_F0cK2
2025	20250428063243_XL5xF
2025	20250428074446_zrXLC
2025	20250428165803_A6kVU
2025	20250428193144_cKN3Y
2025	20250428203753_lOpUS
2025	20250429001847_zeGx1
2025	20250429044016_joqKV
2025	20250429051626_jzOa5
2025	20250429061607_ELNc5
2025	20250429071025_Ubm6T
2025	20250429205604_gpO44
2025	20250429214658_ayS3e
2025	20250429224526_DzIb1
2025	20250430173153_WJqAL
2026	20260423112020_GxTOg
2026	20260423142339_wsoeG
2026	20260423230853_2qTxc
2026	20260424143443_ptiZ9
2026	20260424160718_s25Du
2026	20260424224220_Q7Qla
2026	20260425010750_k2QqO
2026	20260425140249_h5yPd
2026	20260425233717_qGqde
2026	20260426004816_AfUKX
2026	20260426053330_ErGDv
2026	20260426113943_q1C5v
2026	20260426125356_KEwcH
2026	20260426145038_9BlQR
2026	20260426232252_Q3J9I
2026	20260427002344_10A87
2026	20260427005009_S7Eze
2026	20260427065547_GpfkK
2026	20260427115609_R6feG
2026	20260427145911_9H1Ni
2026	20260428010443_mfGMm
2026	20260428051422_kTiWk
2026	20260428081018_xl81J
2026	20260428141406_2f9nx
2026	20260428142526_6F3gp
2026	20260428173039_c23fj
2026	20260428212046_DiTtC
2026	20260428215523_uXwTu
2026	20260429114233_mJ4wQ
